{
    "hasSaveData": true,
    "clearCount": 1,
    "deadCount": 2,
    "lastPosition": {
        "x": 23.13332748413086,
        "y": -0.019857466220855714,
        "z": -45.83583450317383
    },
    "lastRotation": {
        "x": 0.0,
        "y": 0.9736660718917847,
        "z": 0.0,
        "w": -0.22797897458076478
    },
    "currentItem": [
        {
            "instanceID": 22412
        },
        {
            "instanceID": 22404
        }
    ],
    "isClearBoss": [
        true,
        false,
        false
    ]
}